{
    "basis_dervs": {
        "1": [
            [
                "-0.999999999999999", 
                "-1.00000000000000"
            ], 
            [
                "0.999999999999999", 
                "8.88178419700125e-16"
            ], 
            [
                "0", 
                "1.00000000000000"
            ]
        ]
    }, 
    "dim": 2, 
    "nnodes": 3, 
    "eval_dervs": {
        "1": [
            [
                "-3.39077034146024e-14*k[0]*k[0]*k[0] - 4.99860050789195e-14*k[0]*k[0]*k[1] - 13.4999999999999*k[0]*k[0] - 8.38658067083462e-14*k[0]*k[1]*k[1] - 26.9999999999999*k[0]*k[1] + 18.0*k[0] - 4.15026067583505e-14*k[1]*k[1]*k[1] - 13.4999999999999*k[1]*k[1] + 18.0*k[1] - 5.5", 
                "-1.79046579868009e-14*k[0]*k[0]*k[0] + 2.18912082431073e-14*k[0]*k[0]*k[1] - 13.5*k[0]*k[0] - 2.67930877330897e-14*k[0]*k[1]*k[1] - 27.0*k[0]*k[1] + 18.0*k[0] - 3.7870850071299e-14*k[1]*k[1]*k[1] - 13.5*k[1]*k[1] + 18.0*k[1] - 5.50000000000001"
            ], 
            [
                "1.90408904926755e-15*k[0]*k[0]*k[0] - 3.88875597948446e-14*k[0]*k[0]*k[1] + 13.5*k[0]*k[0] - 8.0576346803823e-14*k[0]*k[1]*k[1] + 7.25802317233765e-14*k[0]*k[1] - 9.00000000000001*k[0] - 7.72994593020525e-15*k[1]*k[1]*k[1] + 2.96324933845346e-14*k[1]*k[1] - 2.20417348430982e-14*k[1] + 1.00000000000001", 
                "-7.93148907808204e-15*k[0]*k[0]*k[0] + 1.22769236901068e-14*k[0]*k[0]*k[1] - 1.41218409629104e-14*k[0]*k[0] - 7.23951884130911e-15*k[0]*k[1]*k[1] - 3.25733584435851e-14*k[0]*k[1] + 1.57102111721695e-14*k[0] + 1.01714592759043e-14*k[1]*k[1]*k[1] - 2.65853693618417e-14*k[1]*k[1] + 2.99632024281367e-14*k[1] - 4.17519426829534e-15"
            ], 
            [
                "-2.84354590363901e-30*k[0]*k[0]*k[0] - 1.66866600608885e-30*k[0]*k[0]*k[1] - 1.49880108324393e-16*k[0]*k[0] - 5.97477048604799e-30*k[0]*k[1]*k[1] + 1.64868119156836e-15*k[0]*k[1] + 1.33226762955017e-16*k[0] + 7.4083546704566e-31*k[1]*k[1]*k[1] + 2.1183055309848e-15*k[1]*k[1] - 1.56137008084605e-15*k[1] - 1.66533453693773e-17", 
                "-7.91218431468487e-15*k[0]*k[0]*k[0] + 1.51586920948015e-14*k[0]*k[0]*k[1] + 8.43002595477912e-15*k[0]*k[0] - 2.40415781492572e-15*k[0]*k[1]*k[1] - 2.69489115849033e-15*k[0]*k[1] - 4.35747685820362e-15*k[0] + 2.30649401736009e-14*k[1]*k[1]*k[1] + 13.5*k[1]*k[1] - 9.00000000000001*k[1] + 1.00000000000001"
            ], 
            [
                "-8.67206159296264e-15*k[0]*k[0]*k[0] - 2.01947891105198e-13*k[0]*k[0]*k[1] + 4.36261120913023e-14*k[0]*k[0] - 1.75243284657275e-13*k[0]*k[1]*k[1] + 27.0000000000002*k[0]*k[1] - 2.19088710713964e-14*k[0] + 1.10052497393623e-14*k[1]*k[1]*k[1] + 6.85813626329913e-15*k[1]*k[1] - 4.50000000000002*k[1] - 1.31158658209473e-15", 
                "3.71346957558823e-14*k[0]*k[0]*k[0] + 1.16586011685296e-14*k[0]*k[0]*k[1] + 13.5*k[0]*k[0] - 5.12008398450612e-14*k[0]*k[1]*k[1] + 8.39456191940579e-14*k[0]*k[1] - 4.50000000000001*k[0] - 6.66472344339909e-14*k[1]*k[1]*k[1] + 1.2631947852245e-13*k[1]*k[1] - 9.49302221198927e-14*k[1] + 1.74302757348587e-14"
            ], 
            [
                "-4.15253745881624e-30*k[0]*k[0]*k[0] + 6.43128989808324e-14*k[0]*k[0]*k[1] - 9.17386201696648e-15*k[0]*k[0] + 7.40179486658281e-14*k[0]*k[1]*k[1] - 7.23449053291802e-14*k[0]*k[1] + 7.64901048820787e-15*k[0] + 5.19695698714079e-14*k[1]*k[1]*k[1] + 13.4999999999999*k[1]*k[1] - 4.49999999999997*k[1] - 2.54679768640544e-15", 
                "-6.10167148443069e-15*k[0]*k[0]*k[0] - 5.46761789803709e-14*k[0]*k[0]*k[1] + 2.56396400954511e-14*k[0]*k[0] - 2.84854980230994e-14*k[0]*k[1]*k[1] + 27.0*k[0]*k[1] - 4.50000000000001*k[0] + 8.52296395089917e-14*k[1]*k[1]*k[1] - 1.49470098054021e-13*k[1]*k[1] + 9.84310833188946e-14*k[1] - 2.44895419514529e-14"
            ], 
            [
                "-4.32083857849517e-14*k[0]*k[0]*k[0] - 5.25826783601014e-14*k[0]*k[0]*k[1] + 6.18102770357541e-14*k[0]*k[0] - 1.24138530210278e-13*k[0]*k[1]*k[1] + 27.0000000000001*k[0]*k[1] - 3.19860468134225e-14*k[0] - 9.21552614927464e-15*k[1]*k[1]*k[1] + 27.0*k[1]*k[1] - 22.5*k[1] + 5.04056079573458e-15", 
                "2.29059934148069e-14*k[0]*k[0]*k[0] + 3.5262891779841e-14*k[0]*k[0]*k[1] + 13.5*k[0]*k[0] + 2.00569717119156e-14*k[0]*k[1]*k[1] + 53.9999999999999*k[0]*k[1] - 22.5*k[0] + 5.17338384910154e-14*k[1]*k[1]*k[1] + 40.4999999999999*k[1]*k[1] - 45.0*k[1] + 9.00000000000001"
            ], 
            [
                "-5.23090144655334e-30*k[0]*k[0]*k[0] - 6.43128989808324e-14*k[0]*k[0]*k[1] + 6.47602006712736e-15*k[0]*k[0] - 7.40179486658282e-14*k[0]*k[1]*k[1] + 7.14456246792338e-14*k[0]*k[1] - 5.25092875501754e-15*k[0] - 5.1969569871408e-14*k[1]*k[1]*k[1] - 13.4999999999999*k[1]*k[1] + 4.49999999999997*k[1] + 2.33582198340782e-15", 
                "-1.90035136383397e-14*k[0]*k[0]*k[0] - 3.82804504044736e-14*k[0]*k[0]*k[1] + 2.2556831426737e-14*k[0]*k[0] + 3.05829221165215e-14*k[0]*k[1]*k[1] - 26.9999999999999*k[0]*k[1] + 4.49999999999999*k[0] - 7.41330963016303e-14*k[1]*k[1]*k[1] - 40.4999999999999*k[1]*k[1] + 36.0*k[1] - 4.5"
            ], 
            [
                "4.66952797504797e-14*k[0]*k[0]*k[0] + 9.40109754535583e-14*k[0]*k[0]*k[1] + 40.4999999999999*k[0]*k[0] + 1.61152796098019e-13*k[0]*k[1]*k[1] + 53.9999999999999*k[0]*k[1] - 45.0*k[0] + 8.12186475271338e-14*k[1]*k[1]*k[1] + 13.4999999999999*k[1]*k[1] - 22.5*k[1] + 9.00000000000002", 
                "-5.82481370424932e-14*k[0]*k[0]*k[0] - 1.14076571407159e-13*k[0]*k[0]*k[1] + 27.0000000000001*k[0]*k[0] - 5.99533436637343e-14*k[0]*k[1]*k[1] + 27.0000000000001*k[0]*k[1] - 22.5000000000001*k[0] + 1.7630643681964e-14*k[1]*k[1]*k[1] - 1.2763468187374e-14*k[1]*k[1] - 1.52946799920398e-14*k[1] + 5.87077955794681e-15"
            ], 
            [
                "-1.46916653851448e-14*k[0]*k[0]*k[0] - 5.13741057979429e-15*k[0]*k[0]*k[1] - 40.5*k[0]*k[0] + 3.28935741415014e-15*k[0]*k[1]*k[1] - 27.0*k[0]*k[1] + 36.0*k[0] - 3.19860948385781e-14*k[1]*k[1]*k[1] + 2.67234982093486e-14*k[1]*k[1] + 4.50000000000002*k[1] - 4.50000000000002", 
                "4.3154730355236e-14*k[0]*k[0]*k[0] + 1.3523319882288e-13*k[0]*k[0]*k[1] - 13.5*k[0]*k[0] + 1.63551800740728e-13*k[0]*k[1]*k[1] - 1.49861506917372e-13*k[0]*k[1] + 4.50000000000003*k[0] + 2.01496179963011e-14*k[1]*k[1]*k[1] - 5.27668894009397e-14*k[1]*k[1] + 4.07782305773934e-14*k[1] - 3.38261319138091e-15"
            ], 
            [
                "5.18804473779144e-14*k[0]*k[0]*k[0] + 2.54530569465299e-13*k[0]*k[0]*k[1] - 1.04087468152137e-13*k[0]*k[0] + 2.99381814867553e-13*k[0]*k[1]*k[1] - 54.0000000000003*k[0]*k[1] + 5.23258493405838e-14*k[0] - 1.78972359008767e-15*k[1]*k[1]*k[1] - 27.0000000000001*k[1]*k[1] + 27.0*k[1] - 3.80525438428289e-15", 
                "1.39062340189061e-14*k[0]*k[0]*k[0] - 2.44483150072631e-14*k[0]*k[0]*k[1] - 27.0000000000001*k[0]*k[0] - 3.81152486479453e-14*k[0]*k[1]*k[1] - 54.0*k[0]*k[1] + 27.0*k[0] - 2.93289583208572e-14*k[1]*k[1]*k[1] + 6.47795565556187e-14*k[1]*k[1] - 4.38715475623047e-14*k[1] - 4.79433238605904e-16"
            ]
        ]
    }, 
    "basis_functions": [
        "-1.0*k[0] - 1.0*k[1] + 1.0", 
        "1.0*k[0] + 2.77555756156289e-17", 
        "1.0*k[1]"
    ], 
    "test": "(newpos[0] + 1.0e-14 >= 0) && (newpos[1] + 1.0e-14 >= 0) && (newpos[0] + newpos[1] - 1.0e-14 <= 1)", 
    "k": [
        0.3333333333333333, 
        0.3333333333333333
    ],