{
    "degree": 1, 
    "s_basis_dervs": {
        "1": [
            [
                "(-6.2765199737214e-17)*k[0] - (6.57330197947178e-17)*k[1] - 0.999999999999999", 
                "(1.94933673956546e-16)*k[0] + (6.31164170521625e-17)*k[1] - 1.0"
            ], 
            [
                "(6.2765199737214e-17)*k[0] + (6.57330197947178e-17)*k[1] + 0.999999999999999", 
                "(6.14613508945961e-17)*k[0] + (2.8712570029844e-16)*k[1] + (7.7715611723761e-16)"
            ], 
            [
                "0", 
                "(-2.56395024851142e-16)*k[0] - (3.50242117350602e-16)*k[1] + 1.0"
            ]
        ]
    }, 
    "g_basis_dervs": {
        "1": [
            [
                "(-6.2765199737214e-17)*k[0] - (6.57330197947178e-17)*k[1] - 0.999999999999999", 
                "(1.94933673956546e-16)*k[0] + (6.31164170521625e-17)*k[1] - 1.0"
            ], 
            [
                "(6.2765199737214e-17)*k[0] + (6.57330197947178e-17)*k[1] + 0.999999999999999", 
                "(6.14613508945961e-17)*k[0] + (2.8712570029844e-16)*k[1] + (7.7715611723761e-16)"
            ], 
            [
                "0", 
                "(-2.56395024851142e-16)*k[0] - (3.50242117350602e-16)*k[1] + 1.0"
            ]
        ]
    }, 
    "dim": 2, 
    "gdim": 3, 
    "k": [
        0.3333333333333333, 
        0.3333333333333333
    ], 
    "s_basis_functions": [
        "-1.0*k[0] - 1.0*k[1] + 1.0", 
        "1.0*k[0] + (2.77555756156289e-17)", 
        "1.0*k[1]"
    ], 
    "sdim": 3, 
    "test": "(newpos[0] + 1.0e-14 >= 0) && (newpos[1] + 1.0e-14 >= 0) && (newpos[0] + newpos[1] - 1.0e-14 <= 1)", 
    "isAffine": true, 
    "g_basis_functions": [
        "-1.0*k[0] - 1.0*k[1] + 1.0", 
        "1.0*k[0] + (2.77555756156289e-17)", 
        "1.0*k[1]"
    ]
}