{
    "basis_dervs": {
        "1": [
            [
                "-0.999999999999999", 
                "-1.00000000000000"
            ], 
            [
                "0.999999999999999", 
                "8.88178419700125e-16"
            ], 
            [
                "0", 
                "1.00000000000000"
            ]
        ]
    }, 
    "dim": 2, 
    "nnodes": 3, 
    "eval_dervs": {
        "1": [
            [
                "1.77635683940025e-15*k[0]*k[0] + 1.77635683940025e-15*k[0]*k[1] + 4.0*k[0] - 9.3335337052577e-16*k[1]*k[1] + 4.0*k[1] - 3.0", 
                "-5.53230824126387e-15*k[0]*k[0] - 3.80393412265224e-15*k[0]*k[1] + 4.0*k[0] + 1.26401597832092e-15*k[1]*k[1] + 4.0*k[1] - 3.00000000000001"
            ], 
            [
                "1.77635683940025e-15*k[0]*k[0] + 1.77635683940025e-15*k[0]*k[1] + 4.0*k[0] - 6.41863697339875e-15*k[1]*k[1] + 8.55439649456449e-15*k[1] - 1.0", 
                "2.03237723063123e-16*k[0]*k[0] - 4.10908351225639e-15*k[0]*k[1] + 5.14923101506948e-15*k[0] - 1.40836434968987e-15*k[1]*k[1] + 5.94531107085374e-15*k[1] + 4.26560996902798e-15"
            ], 
            [
                "0", 
                "-1.74218348819935e-16*k[0]*k[1] + 1.09744735682353e-16*k[0] - 4.86336263826546e-16*k[1]*k[1] + 4.0*k[1] - 1.0"
            ], 
            [
                "-1.22088818970532e-16*k[0] - 7.07545606659721e-15*k[1]*k[1] + 4.0*k[1] - 1.10062649924846e-15", 
                "-5.73554596432699e-15*k[0]*k[0] - 4.95959208361799e-15*k[0]*k[1] + 4.0*k[0] - 1.10371988272973e-14*k[1]*k[1] + 9.39893281560173e-16*k[1] - 9.83435112588403e-15"
            ], 
            [
                "1.22088818970532e-16*k[0] + 7.07545606659721e-15*k[1]*k[1] - 4.0*k[1] + 1.10062649924846e-15", 
                "5.73554596432699e-15*k[0]*k[0] + 5.30802878125786e-15*k[0]*k[1] - 4.0*k[0] + 4.75792492556095e-15*k[1]*k[1] - 8.0*k[1] + 4.00000000000001"
            ], 
            [
                "-3.5527136788005e-15*k[0]*k[0] - 3.5527136788005e-15*k[0]*k[1] - 8.00000000000001*k[0] + 7.35199034392452e-15*k[1]*k[1] - 4.00000000000001*k[1] + 4.0", 
                "5.32907051820075e-15*k[0]*k[0] + 7.73879928608869e-15*k[0]*k[1] - 4.00000000000001*k[0] + 6.90995853693183e-15*k[1]*k[1] - 5.74345905721301e-15*k[1] + 2.10049390436982e-15"
            ]
        ]
    }, 
    "basis_functions": [
        "-1.0*k[0] - 1.0*k[1] + 1.0", 
        "1.0*k[0] + 2.77555756156289e-17", 
        "1.0*k[1]"
    ], 
    "test": "(newpos[0] + 1.0e-14 >= 0) && (newpos[1] + 1.0e-14 >= 0) && (newpos[0] + newpos[1] - 1.0e-14 <= 1)", 
    "k": [
        0.3333333333333333, 
        0.3333333333333333
    ], 
    "eval_basis": [
        "2.0*k[0]*k[0] + 4.0*k[0]*k[1] - 3.0*k[0] + 2.0*k[1]*k[1] - 3.0*k[1] + 1.0", 
        "2.0*k[0]*k[0] - 1.0*k[0] + 4.44089209850063e-16*k[1]*k[1] + 5.55111512312578e-17", 
        "2.0*k[1]*k[1] - 1.0*k[1]", 
        "4.0*k[0]*k[1] + 1.11022302462516e-16*k[0]", 
        "-4.0*k[0]*k[1] - 1.11022302462516e-16*k[0] - 4.0*k[1]*k[1] + 4.0*k[1]", 
        "-4.0*k[0]*k[0] - 4.0*k[0]*k[1] + 4.0*k[0] - 1.11022302462516e-16*k[1]*k[1] + 2.22044604925031e-16*k[1] - 2.22044604925031e-16"
    ], 
    "isAffine": true
}