{
    "g_basis_dervs": {
        "1": [
            [
                "(-3.7817678020226e-16)*k[0] - (1.86929205962524e-17)*k[1] - (4.1873981018059e-16)*k[2] - 1.0", 
                "(-6.43365772680413e-17)*k[0] - (1.55627274333882e-16)*k[1] - (3.28844750151943e-16)*k[2] - 1.0", 
                "(-2.6095304649441e-16)*k[0] - (1.2374638403997e-16)*k[1] - (1.05003960052413e-16)*k[2] - 1.0"
            ], 
            [
                "(3.7817678020226e-16)*k[0] + (1.86929205962524e-17)*k[1] + (4.1873981018059e-16)*k[2] + 1.0", 
                "(3.13840202934219e-16)*k[0] - (1.36934353737629e-16)*k[1] + (8.98950600286471e-17)*k[2] - (1.66533453693773e-16)", 
                "(1.1722373370785e-16)*k[0] - (1.05053463443717e-16)*k[1] + (3.13735850128177e-16)*k[2] - (1.11022302462516e-16)"
            ], 
            [
                "0", 
                "(-2.49503625666177e-16)*k[0] + (2.92561628071511e-16)*k[1] + (2.38949690123296e-16)*k[2] + 1.0", 
                "(-6.84189568007977e-17)*k[0] - (2.37087260880849e-16)*k[1] - (3.24284173080373e-17)*k[2] + (1.11022302462516e-16)"
            ], 
            [
                "0", 
                "0", 
                "(2.12148269587357e-16)*k[0] + (4.65887108364536e-16)*k[1] - (1.76303472767726e-16)*k[2] + 1.0"
            ]
        ]
    }, 
    "dim": 3, 
    "sdim": 4, 
    "gdim": 4, 
    "test": "(newpos[0] + 1.0e-14 >= 0) && (newpos[1] + 1.0e-14 >= 0) && (newpos[2] + 1.0e-14 >= 0) && (newpos[0] + newpos[1] + newpos[2] - 1.0e-14 <= 1)", 
    "k": [
        0.25, 
        0.25, 
        0.25
    ], 
    "s_basis_functions": [
        "-1.0*k[0] - 1.0*k[1] - 1.0*k[2] + 1.0", 
        "1.0*k[0]", 
        "1.0*k[1] - (2.77555756156289e-17)", 
        "1.0*k[2]"
    ], 
    "s_basis_dervs": {
        "1": [
            [
                "(-3.7817678020226e-16)*k[0] - (1.86929205962524e-17)*k[1] - (4.1873981018059e-16)*k[2] - 1.0", 
                "(-6.43365772680413e-17)*k[0] - (1.55627274333882e-16)*k[1] - (3.28844750151943e-16)*k[2] - 1.0", 
                "(-2.6095304649441e-16)*k[0] - (1.2374638403997e-16)*k[1] - (1.05003960052413e-16)*k[2] - 1.0"
            ], 
            [
                "(3.7817678020226e-16)*k[0] + (1.86929205962524e-17)*k[1] + (4.1873981018059e-16)*k[2] + 1.0", 
                "(3.13840202934219e-16)*k[0] - (1.36934353737629e-16)*k[1] + (8.98950600286471e-17)*k[2] - (1.66533453693773e-16)", 
                "(1.1722373370785e-16)*k[0] - (1.05053463443717e-16)*k[1] + (3.13735850128177e-16)*k[2] - (1.11022302462516e-16)"
            ], 
            [
                "0", 
                "(-2.49503625666177e-16)*k[0] + (2.92561628071511e-16)*k[1] + (2.38949690123296e-16)*k[2] + 1.0", 
                "(-6.84189568007977e-17)*k[0] - (2.37087260880849e-16)*k[1] - (3.24284173080373e-17)*k[2] + (1.11022302462516e-16)"
            ], 
            [
                "0", 
                "0", 
                "(2.12148269587357e-16)*k[0] + (4.65887108364536e-16)*k[1] - (1.76303472767726e-16)*k[2] + 1.0"
            ]
        ]
    }, 
    "isAffine": true, 
    "g_basis_functions": [
        "-1.0*k[0] - 1.0*k[1] - 1.0*k[2] + 1.0", 
        "1.0*k[0]", 
        "1.0*k[1] - (2.77555756156289e-17)", 
        "1.0*k[2]"
    ]
}