{
    "g_basis_dervs": {
        "1": [
            [
                "(-3.7817678020226e-16)*k[0] - (1.86929205962524e-17)*k[1] - (4.1873981018059e-16)*k[2] - 1.0", 
                "(-6.43365772680413e-17)*k[0] - (1.55627274333882e-16)*k[1] - (3.28844750151943e-16)*k[2] - 1.0", 
                "(-2.6095304649441e-16)*k[0] - (1.2374638403997e-16)*k[1] - (1.05003960052413e-16)*k[2] - 1.0"
            ], 
            [
                "(3.7817678020226e-16)*k[0] + (1.86929205962524e-17)*k[1] + (4.1873981018059e-16)*k[2] + 1.0", 
                "(3.13840202934219e-16)*k[0] - (1.36934353737629e-16)*k[1] + (8.98950600286471e-17)*k[2] - (1.66533453693773e-16)", 
                "(1.1722373370785e-16)*k[0] - (1.05053463443717e-16)*k[1] + (3.13735850128177e-16)*k[2] - (1.11022302462516e-16)"
            ], 
            [
                "0", 
                "(-2.49503625666177e-16)*k[0] + (2.92561628071511e-16)*k[1] + (2.38949690123296e-16)*k[2] + 1.0", 
                "(-6.84189568007977e-17)*k[0] - (2.37087260880849e-16)*k[1] - (3.24284173080373e-17)*k[2] + (1.11022302462516e-16)"
            ], 
            [
                "0", 
                "0", 
                "(2.12148269587357e-16)*k[0] + (4.65887108364536e-16)*k[1] - (1.76303472767726e-16)*k[2] + 1.0"
            ]
        ]
    }, 
    "dim": 3, 
    "sdim": 10, 
    "gdim": 4, 
    "test": "(newpos[0] + 1.0e-14 >= 0) && (newpos[1] + 1.0e-14 >= 0) && (newpos[2] + 1.0e-14 >= 0) && (newpos[0] + newpos[1] + newpos[2] - 1.0e-14 <= 1)", 
    "k": [
        0.25, 
        0.25, 
        0.25
    ], 
    "s_basis_functions": [
        "2.0*k[0]*k[0] + 4.0*k[0]*k[1] + 4.0*k[0]*k[2] - 3.0*k[0] + 2.0*k[1]*k[1] + 4.0*k[1]*k[2] - 3.0*k[1] + 2.0*k[2]*k[2] - 3.0*k[2] + 1.0", 
        "2.0*k[0]*k[0] - (2.22044604925031e-16)*k[0]*k[1] - (5.55111512312578e-17)*k[0]*k[2] - 1.0*k[0] - (1.11022302462516e-16)*k[1]*k[1] + (2.22044604925031e-16)*k[1] + (1.94289029309402e-16)*k[2]*k[2] - (1.66533453693773e-16)*k[2] + (2.77555756156289e-17)", 
        "(-2.9611196148448e-32)*k[0]*k[0] + (8.88178419700125e-16)*k[0]*k[1] - (4.44089209850063e-17)*k[0]*k[2] + (1.23259516440783e-32)*k[0] + 2.0*k[1]*k[1] - (4.44089209850063e-16)*k[1]*k[2] - 1.0*k[1]", 
        "(-1.94342255780617e-32)*k[0]*k[0] - (2.12254783795623e-17)*k[0]*k[1] + (4.41966662012106e-16)*k[0]*k[2] + (1.54074395550979e-32)*k[0] - (1.84889274661175e-32)*k[1]*k[1] - (1.1420612421945e-16)*k[1]*k[2] + (2.46519032881566e-32)*k[1] + 2.0*k[2]*k[2] - 1.0*k[2] - (1.89753943744096e-17)", 
        "(1.91195445726508e-32)*k[0]*k[0] + (3.46491590924788e-17)*k[0]*k[1] - (4.45546027192057e-16)*k[0]*k[2] - (1.23259516440783e-32)*k[0] + (5.275014833086e-17)*k[1]*k[1] + 4.0*k[1]*k[2] - (1.1423628898971e-17)*k[1] - (2.22044604925031e-16)*k[2]*k[2] + (2.77555756156289e-17)", 
        "(-1.82731874031688e-16)*k[0]*k[0] + (6.48115235105523e-17)*k[0]*k[1] + 4.0*k[0]*k[2] + (1.3322319452324e-16)*k[0] - (1.48196323519889e-16)*k[1]*k[1] - (2.8457610497776e-16)*k[1]*k[2] + (1.18042651283986e-16)*k[1] + (1.38792992646737e-16)*k[2]*k[2] - (5.55413803684423e-17)*k[2] - (2.77404610470367e-17)", 
        "(-1.4249356564173e-16)*k[0]*k[0] + 4.0*k[0]*k[1] + (4.44089209850063e-16)*k[0]*k[2] + (5.55111512312578e-17)*k[0] + (2.22044604925031e-16)*k[1]*k[1] + (3.88578058618805e-16)*k[1]*k[2] - (4.30211422042248e-16)*k[1] + (1.11022302462516e-16)*k[2]*k[2] - (3.88578058618805e-16)*k[2] + (1.38777878078145e-17)", 
        "(1.82731874031688e-16)*k[0]*k[0] - (5.70097258439065e-17)*k[0]*k[1] - 4.0*k[0]*k[2] - (2.22044604925031e-16)*k[0] + (9.54461751890288e-17)*k[1]*k[1] - 4.0*k[1]*k[2] - (1.66533453693773e-16)*k[1] - 4.0*k[2]*k[2] + 4.0*k[2] + (1.80411241501588e-16)", 
        "(1.4249356564173e-16)*k[0]*k[0] - 4.0*k[0]*k[1] - (1.11022302462516e-16)*k[0]*k[2] - 4.0*k[1]*k[1] - 4.0*k[1]*k[2] + 4.0*k[1] - (2.22044604925031e-16)*k[2] - (5.55111512312578e-17)", 
        "-4.0*k[0]*k[0] - 4.0*k[0]*k[1] - 4.0*k[0]*k[2] + 4.0*k[0] - (1.52655665885959e-16)*k[1]*k[2] + (2.54426109809932e-17)*k[1] - (3.7470027081099e-16)*k[2]*k[2] + (4.00142881791983e-16)*k[2] - (2.54426109809932e-17)"
    ],